,000001.SS,1592.T,399001.SZ,^BSESN,^IXIC,^N100,^NSEI,^NYA,ARIMA_000001.SS,RF_000001.SS,ARIMA_1592.T,RF_1592.T,ARIMA_399001.SZ,RF_399001.SZ,ARIMA_^BSESN,RF_^BSESN,ARIMA_^IXIC,RF_^IXIC,ARIMA_^N100,RF_^N100,ARIMA_^NSEI,RF_^NSEI,ARIMA_^NYA,RF_^NYA
2024-01-01,2962.27587890625,1969.0,9401.349609375,71892.4765625,14765.9404296875,1395.1099853515625,21741.900390625,16841.619140625,2973.7148255767124,3618.663930664063,1978.5574107112632,1645.45,9518.089933923282,14778.655224609374,72258.53793722599,59418.2772265625,15016.114692366104,15671.949931640624,1395.8764388558336,1373.563934326172,21737.950156178707,17691.24705078125,16854.734856387506,17231.08271484375
2024-01-02,2962.27587890625,1969.0,9401.349609375,71892.4765625,14765.9404296875,1395.1099853515625,21665.80078125,16841.619140625,2973.050778971136,3616.338737792969,1979.1714836799815,1659.56,9511.285701904057,14760.8244140625,72288.9426445089,59564.800859375,15019.32089247107,15613.7408203125,1396.2394155171655,1376.897716064453,21747.905518309148,17735.31171875,16857.93161284967,17271.8159375
2024-01-03,2967.2470703125,1969.0,9330.8603515625,71356.6015625,14592.2099609375,1380.97998046875,21517.349609375,16718.650390625,2972.3723115654266,3616.558029785156,1979.78613436584,1673.2,9504.481009912026,14718.742451171876,72320.1276145495,59660.87953125,15022.55453442013,15597.00412109375,1396.6022350113374,1378.6805102539065,21758.076263743988,17780.8552734375,16861.174641853842,17243.43068359375
2024-01-04,2954.34912109375,1969.0,9215.25,71847.5703125,14510.2998046875,1389.780029296875,21658.599609375,16715.7109375,2971.6942180621936,3612.937253417969,1980.400790941988,1682.6,9497.676316881518,14700.336845703125,72351.36279745048,59713.640390625,15025.787693295815,15523.902119140625,1396.9650582725135,1381.2474951171876,21768.260630865,17794.36203125,16864.419253932658,17228.71357421875
2024-01-05,2929.179931640625,1980.0,9116.4404296875,72026.1484375,14524.0703125,1387.6500244140625,21710.80078125,16758.240234375,2971.016114864418,3590.584738769531,1981.0154475781917,1688.84,9490.871623848669,14549.106181640624,72382.60121173898,59811.902265625,15029.020860675302,15180.947255859375,1397.327881443402,1383.1362817382812,21778.445859474952,17834.82939453125,16867.66392017157,17166.05162109375
2024-01-08,2887.5380859375,1980.0,8947.7197265625,71355.21875,14843.76953125,1388.9100341796875,21513.0,16885.369140625,2970.338011918002,3592.3057153320315,1981.630104215008,1669.57,9484.066930815812,14405.933583984375,72413.83983397948,59846.5722265625,15032.254027905092,15018.14560546875,1397.6907046164542,1353.7479956054688,21788.631142568847,17796.1743359375,16870.908588263403,17153.9753515625
2024-01-09,2893.25,1997.0,8971.7197265625,71386.2109375,14857.7099609375,1386.25,21544.849609375,16773.0703125,2969.659908965069,3588.610202636719,1982.24476085183,1667.63,9477.262237782956,14360.484521484375,72445.07846960251,60326.880390625,15035.487195137515,15052.542099609374,1398.0535277894546,1351.4945043945313,21798.81642910852,17974.63431640625,16874.153256418627,17182.57021484375
2024-01-10,2877.701904296875,2026.0,8922.7900390625,71657.7109375,14969.650390625,1382.5400390625,21618.69921875,16818.880859375,2968.981806012305,3589.626474609375,1982.8594174886523,1671.8,9470.4575447501,14370.94529296875,72476.31710608673,60542.27359375,15038.720362369892,15054.0542578125,1398.416350962456,1360.3117895507812,21809.00171586612,18040.29818359375,16877.397924576024,17189.5122265625
2024-01-11,2886.64990234375,2059.0,9053.8798828125,71721.1796875,14970.1904296875,1377.3299560546875,21647.19921875,16781.119140625,2968.303703059537,3577.140991210937,1983.4740741254752,1661.04,9463.652851717245,14268.59009765625,72507.55574262638,60617.6440234375,15041.953529602271,15027.1217578125,1398.779174135458,1365.868006591797,21819.1870026375,18070.07373046875,16880.642592733493,17240.18337890625
2024-01-12,2881.97705078125,2072.0,8996.259765625,72568.453125,14972.759765625,1390.449951171875,21894.55078125,16799.5390625,2967.6256001067686,3574.836494140625,1984.0887307622977,1658.94,9456.848158684386,14245.72501953125,72538.7943791696,60928.19984375,15045.186696834651,15024.69630859375,1399.1419973084594,1364.6978002929689,21829.372289409755,18150.00453125,16883.887260890962,17262.02572265625
2024-01-15,2886.2900390625,2080.0,8963.9296875,73327.9375,14972.759765625,1384.3399658203125,22097.44921875,16799.5390625,2966.9474971540003,3549.896440429688,1984.70338739912,1631.22,9450.04346565153,14329.381806640626,72570.03301571304,61029.0916015625,15048.41986406703,14859.241767578123,1399.504820481461,1356.9605786132813,21839.557576182066,18210.18859375,16887.131929048435,17206.71404296875
2024-01-16,2893.989013671875,2080.0,8992.0703125,73128.7734375,14944.349609375,1381.8299560546875,22032.30078125,16639.380859375,2966.2693942012324,3558.219624023437,1985.3180440359424,1630.17,9443.238772618672,14340.92796875,72601.2716522565,61049.545625,15051.653031299407,14865.822705078124,1399.8676436544629,1355.0604833984376,21849.742862954376,18213.64453125,16890.37659720591,17216.3428125
2024-01-17,2833.614990234375,2071.0,8759.759765625,71500.7578125,14855.6201171875,1367.9599609375,21571.94921875,16522.830078125,2965.591291248464,3558.630234375,1985.932700672765,1629.03,9436.434079585815,14318.94583984375,72632.51028879997,60983.799140625,15054.886198531787,14710.8087890625,1400.2304668274642,1357.229490966797,21859.92814972669,18192.8280859375,16893.621265363377,17118.99951171875
2024-01-18,2845.780029296875,2068.0,8847.0,71186.859375,15055.650390625,1381.31005859375,21462.25,16616.2890625,2964.913188295696,3556.2097021484374,1986.547357309588,1624.35,9429.62938655296,14233.937958984376,72663.74892534343,60723.8860546875,15058.119365764163,14473.80421875,1400.5932900004657,1356.5973706054688,21870.113436499,18109.54091796875,16896.86593352085,16906.4176171875
2024-01-19,2832.279052734375,2083.0,8787.01953125,71683.2265625,15310.9697265625,1379.9000244140625,21622.400390625,16729.55078125,2964.2350853429275,3534.62623046875,1987.16201394641,1605.06,9422.824693520104,14196.847646484375,72694.98756188688,60222.886875,15061.352532996543,14268.230947265623,1400.9561131734674,1353.2805786132812,21880.29872327131,17970.1057421875,16900.110601678323,16794.2726953125
2024-01-22,2756.340087890625,2113.0,8479.5498046875,71683.2265625,15360.2900390625,1388.0400390625,21622.400390625,16779.490234375,2963.556982390159,3532.642724609375,1987.7766705832323,1593.4,9416.02000048725,14130.74451171875,72726.22619843035,59125.300078125,15064.585700228925,13876.121103515625,1401.318936346469,1300.5308801269532,21890.484010043623,17664.4236328125,16903.355269835793,16438.32427734375
2024-01-23,2770.97607421875,2110.0,8596.2802734375,70370.546875,15425.9404296875,1385.8900146484375,21238.80078125,16800.859375,2962.878879437392,3530.9947290039063,1988.391327220055,1593.47,9409.215307454391,14094.5389453125,72757.46483497381,58007.707109375,15067.8188674613,13695.36630859375,1401.6817595194705,1292.5384741210937,21900.669296815933,17316.04017578125,16906.599937993265,16350.452421875
2024-01-24,2820.77197265625,2101.0,8682.1904296875,71060.3125,15481.919921875,1406.93994140625,21453.94921875,16769.25,2962.200776484623,3500.774931640625,1989.0059838568773,1588.93,9402.410614421537,13970.499111328125,72788.70347151728,57662.9062890625,15071.05203469368,13641.703203125,1402.0445826924722,1296.5546728515626,21910.854583588247,17218.59546875,16909.84460615074,16296.551044921876
2024-01-25,2906.10888671875,2101.0,8856.2197265625,70700.671875,15510.5,1413.1300048828125,21352.599609375,16889.51953125,2961.5226735318547,3457.180812988281,1989.6206404937,1584.77,9395.60592138868,13785.99046875,72819.94210806074,57589.8334765625,15074.28520192606,13550.95748046875,1402.4074058654735,1295.3304663085937,21921.03987036056,17190.35189453125,16913.089274308208,16259.700068359374
2024-01-26,2910.222900390625,2074.0,8762.330078125,70700.671875,15455.3603515625,1421.0899658203125,21352.599609375,16949.109375,2960.8445705790864,3432.340461425781,1990.2352971305224,1577.84,9388.801228355824,13670.0620703125,72851.1807446042,57571.1495703125,15077.518369158435,13646.51208984375,1402.7702290384752,1309.0656774902343,21931.22515713287,17186.28173828125,16916.33394246568,16329.55544921875
2024-01-29,2883.360107421875,2098.0,8581.759765625,71941.5703125,15628.0400390625,1422.0999755859375,21737.599609375,17040.599609375,2960.1664676263185,3385.702158203125,1990.849953767345,1569.89,9381.996535322967,13422.1196484375,72882.41938114766,57790.1991015625,15080.751536390817,13819.179267578123,1403.133052211477,1309.087587890625,21941.41044390518,17240.34908203125,16919.57861062315,16378.118857421876
2024-01-30,2830.527099609375,2097.0,8375.98046875,71139.8984375,15509.900390625,1426.3900146484375,21522.099609375,17089.4609375,2959.48836467355,3381.782553710937,1991.4646104041676,1581.94,9375.19184229011,13424.5379296875,72913.65801769112,57840.294765625,15083.984703623191,13922.28470703125,1403.4958753844785,1310.2735974121094,21951.59573067749,17283.75849609375,16922.823278780623,16520.088408203126
2024-01-31,2788.548095703125,2117.0,8212.83984375,71752.109375,15164.009765625,1424.3699951171875,21725.69921875,16911.130859375,2958.810261720782,3385.085654296875,1992.07926704099,1578.16,9368.387149257254,13436.65095703125,72944.89665423459,57819.815546875,15087.217870855571,13866.38453125,1403.85869855748,1314.7806774902344,21961.781017449804,17275.6484765625,16926.067946938096,16474.017412109373
2024-02-01,2770.739990234375,2103.0,8240.48046875,71645.296875,15361.6396484375,1418.97998046875,21697.44921875,17115.580078125,2958.1321587680136,3362.1213427734374,1992.6939236778128,1582.96,9361.582456224398,13336.24783203125,72976.13529077805,58893.4026953125,15090.451038087953,14127.927236328123,1404.2215217304818,1330.5403686523437,21971.96630422212,17612.99169921875,16929.312615095565,16770.74103515625
2024-02-02,2730.152099609375,2104.0,8055.77001953125,72085.6328125,15628.9501953125,1416.4599609375,21853.80078125,17101.970703125,2957.4540558152453,3362.1213427734374,1993.308580314635,1586.23,9354.77776319154,13325.749609375,73007.3739273215,58897.0479296875,15093.684205320327,14104.21740234375,1404.5843449034833,1326.3335668945313,21982.15159099443,17617.89150390625,16932.557283253038,16747.97185546875
2024-02-05,2702.18505859375,2119.0,7964.7099609375,71731.421875,15597.6796875,1417.3399658203125,21771.69921875,17004.779296875,2956.7759528624774,3366.4332470703125,1993.9232369514573,1586.83,9347.973070158683,13369.121494140623,73038.61256386497,58338.3397265625,15096.917372552707,14121.33615234375,1404.9471680764848,1315.8534887695312,21992.336877766746,17372.428359375,16935.80195141051,16719.38125
2024-02-06,2789.486083984375,2103.0,8460.3798828125,72186.09375,15609.0,1428.739990234375,21929.400390625,17135.48046875,2956.097849909709,3428.797575683593,1994.53789358828,1590.09,9341.16837712583,13364.947177734375,73069.85120040843,58317.0048828125,15100.150539785089,14139.19775390625,1405.3099912494863,1320.934305419922,22002.522164539056,17379.541455078124,16939.04661956798,16799.73548828125
2024-02-07,2829.696044921875,2108.0,8708.240234375,72152.0,15756.6396484375,1425.0400390625,21930.5,17212.3203125,2955.419746956941,3460.6913745117185,1995.1525502251025,1591.81,9334.363684092974,13419.11810546875,73101.0898369519,58221.365625,15103.383707017463,14210.147392578125,1405.672814422488,1326.0644921875,22012.70745131137,17385.520205078126,16942.291287725453,16864.289072265627
2024-02-08,2865.903076171875,2125.0,8820.599609375,71428.4296875,15793.7099609375,1431.6400146484375,21717.94921875,17252.3203125,2954.7416440041725,3472.132849121094,1995.767206861925,1594.25,9327.558991060116,13401.706337890624,73132.32847349536,58354.4531640625,15106.616874249845,14115.58599609375,1406.0356375954896,1322.9438989257812,22022.89273808368,17430.524091796877,16945.535955882926,16799.690673828125
2024-02-09,2865.903076171875,2120.0,8820.599609375,71595.4921875,15990.66015625,1436.3900146484375,21782.5,17275.869140625,2954.0635410514046,3478.859240722656,1996.3818634987476,1600.31,9320.75429802726,13395.706533203123,73163.56711003881,58443.7859375,15109.850041482225,14116.99375,1406.3984607684913,1324.6771838378909,22033.07802485599,17474.69521484375,16948.780624040395,16810.8777734375
2024-02-12,2865.903076171875,2120.0,8820.599609375,71072.4921875,15942.5498046875,1442.1099853515625,21616.05078125,17332.4609375,2953.3854380986363,3443.43115234375,1996.9965201355697,1590.14,9313.949604994405,13280.553984375,73194.80574658228,57398.8859375,15113.0832087146,13899.6901953125,1406.7612839414928,1321.0475952148438,22043.263311628303,17128.13419921875,16952.025292197868,16643.425380859375
2024-02-13,2865.903076171875,2165.0,8820.599609375,71555.1875,15655.599609375,1427.3800048828125,21743.25,17068.5390625,2952.707335145868,3446.608725585937,1997.6111767723924,1589.1,9307.144911961548,13250.499765625,73226.04438312574,57706.2625,15116.31637594698,13964.254287109376,1407.1241071144943,1313.1765966796877,22053.448598400613,17224.7093359375,16955.269960355337,16686.51181640625
2024-02-14,2865.903076171875,2143.0,8820.599609375,71822.828125,15859.150390625,1432.1099853515625,21840.05078125,17240.189453125,2952.0292321931,3462.951245117188,1998.2258334092148,1600.24,9300.340218928692,13292.301552734374,73257.28301966921,57776.809375,15119.54954317936,13985.838056640623,1407.486930287496,1311.552678222656,22063.633885172927,17255.048203125,16958.51462851281,16716.569453125
2024-02-15,2865.903076171875,2155.0,8820.599609375,72050.3828125,15906.169921875,1440.4100341796875,21910.75,17434.9296875,2951.3511292403314,3467.6812329101563,1998.8404900460373,1601.96,9293.535525895835,13357.8116796875,73288.52165621267,58032.4341796875,15122.782710411737,13988.914140625,1407.8497534604976,1313.5209753417969,22073.81917194524,17308.9306640625,16961.759296670283,16698.3407421875
2024-02-16,2865.903076171875,2180.0,8820.599609375,72426.640625,15775.650390625,1447.1300048828125,22040.69921875,17409.30078125,2950.6730262875635,3469.279016113281,1999.45514668286,1598.08,9286.73083286298,13366.13240234375,73319.76029275612,57979.1787890625,15126.015877644117,13954.4108984375,1408.212576633499,1311.400167236328,22084.00445871755,17302.4873828125,16965.003964827752,16647.13171875
2024-02-19,2910.5439453125,2186.0,8902.330078125,72708.15625,15775.650390625,1445.1199951171875,22122.25,17409.30078125,2949.994923334795,3473.04294921875,2000.0698033196825,1581.9,9279.926139830122,13409.635107421876,73350.99892929959,57560.649453125,15129.249044876497,13647.909130859374,1408.5753998065009,1304.2726806640626,22094.18974548986,17185.55517578125,16968.248632985225,16500.562431640625
2024-02-20,2922.72998046875,2188.0,8905.9599609375,73057.3984375,15630.7802734375,1441.719970703125,22196.94921875,17340.169921875,2949.316820382027,3470.9969189453127,2000.6844599565047,1577.37,9273.121446797266,13381.07404296875,73382.23756584305,57619.1286328125,15132.482212108873,13577.673466796876,1408.9382229795024,1303.61228515625,22104.37503226217,17209.6993359375,16971.4933011427,16464.549423828124
2024-02-21,2950.9560546875,2177.0,8975.9697265625,72623.09375,15580.8701171875,1445.06005859375,22055.05078125,17382.6796875,2948.6387174292586,3481.143081054688,2001.2991165933272,1576.53,9266.316753764411,13442.26103515625,73413.47620238652,57470.6354296875,15135.71537934125,13364.796640625,1409.301046152504,1286.687883300781,22114.560319034485,17180.35123046875,16974.737969300168,16234.735263671875
2024-02-22,2988.35791015625,2208.0,9043.75,73158.2421875,16041.6201171875,1462.9200439453125,22217.44921875,17565.0703125,2947.9606144764907,3472.281552734375,2001.91377323015,1558.46,9259.512060731557,13362.978935546877,73444.71483892998,57298.063828125,15138.948546573629,13416.9144921875,1409.6638693255056,1261.3012719726562,22124.7456058068,17116.14529296875,16977.98263745764,16116.87310546875
2024-02-23,3004.881103515625,2208.0,9069.419921875,73142.796875,15996.8203125,1467.1199951171875,22212.69921875,17616.01953125,2947.2825115237224,3472.714838867188,2002.5284298669724,1553.46,9252.707367698698,13422.548212890624,73475.95347547343,57112.6946484375,15142.181713806009,13420.433447265625,1410.0266924985071,1262.3925744628907,22134.93089257911,17068.25703125,16981.227305615113,16236.488115234377
2024-02-26,2977.02197265625,2217.0,9066.08984375,72790.1328125,15976.25,1460.280029296875,22122.05078125,17566.609375,2946.604408570954,3455.637414550781,2003.1430865037948,1560.11,9245.902674665842,13413.2569140625,73507.1921120169,56053.402109375,15145.414881038389,13584.600283203124,1410.389515671509,1275.945518798828,22145.116179351426,16719.277783203124,16984.471973772583,16292.125
2024-02-27,3015.48095703125,2222.0,9269.5703125,73095.21875,16035.2998046875,1464.9100341796875,22198.349609375,17598.3203125,2945.926305618186,3447.7300073242186,2003.757743140617,1558.22,9239.097981632984,13373.195126953126,73538.43074856036,56282.48234375,15148.648048270765,13625.27765625,1410.7523388445104,1277.0334204101562,22155.30146612373,16777.699267578126,16987.716641930056,16218.86806640625
2024-02-28,2957.85205078125,2220.0,9047.099609375,72304.8828125,15947.740234375,1462.6700439453125,21951.150390625,17573.689453125,2945.248202665417,3442.219174804688,2004.37239977744,1562.16,9232.293288600127,13415.047158203124,73569.66938510383,56079.073125,15151.881215503145,13653.562783203124,1411.115162017512,1276.9657116699218,22165.48675289605,16779.3752734375,16990.961310087525,16212.755419921876
2024-02-29,3015.1708984375,2223.0,9330.4404296875,72500.296875,16091.919921875,1459.199951171875,21982.80078125,17607.4296875,2944.5700997126496,3435.7374609375,2004.9870564142625,1567.64,9225.488595567273,13361.390986328124,73600.9080216473,56242.4500390625,15155.114382735524,13816.383271484376,1411.4779851905134,1269.4175891113282,22175.67203966836,16826.1803125,16994.205978244998,16332.441748046876
2024-03-01,3027.02001953125,2250.0,9434.75,73745.3515625,16274.9404296875,1467.75,22338.75,17728.26953125,2943.8919967598813,3473.710400390625,2005.6017130510847,1547.75,9218.683902534416,13253.65498046875,73632.14665819074,55745.1136328125,15158.3475499679,13634.817431640626,1411.8408083635152,1219.393122558594,22185.85732644067,16729.92203125,16997.45064640247,16231.99505859375
2024-03-04,3039.305908203125,2253.0,9438.240234375,73872.2890625,16207.509765625,1471.1500244140625,22405.599609375,17748.69921875,2943.213893807113,3431.2144165039062,2006.2163696879072,1543.65,9211.87920950156,13221.045029296874,73663.38529473421,54350.476328125,15161.58071720028,13658.99580078125,1412.2036315365167,1179.8560205078124,22196.04261321298,16240.91169921875,17000.69531455994,16142.067958984377
2024-03-05,3047.79296875,2259.0,9416.7998046875,73677.1328125,15939.58984375,1469.719970703125,22356.30078125,17669.490234375,2942.5357908543447,3435.448000488281,2006.8310263247297,1540.47,9205.074516468703,13119.00482421875,73694.62393127767,54653.9204296875,15164.81388443266,13580.166533203124,1412.5664547095184,1173.055008544922,22206.227899985293,16309.5695703125,17003.939982717413,16112.770224609376
2024-03-06,3039.930908203125,2267.0,9395.650390625,74085.9921875,16031.5400390625,1478.0699462890625,22474.05078125,17801.0390625,2941.857687901577,3410.584812011719,2007.445682961552,1522.84,9198.269823435849,12673.698076171877,73725.86256782114,54958.5973828125,15168.047051665037,13531.797841796875,1412.92927788252,1170.4864074707032,22216.413186757603,16347.341376953123,17007.184650874886,16046.16416015625
2024-03-07,3027.40087890625,2264.0,9267.1201171875,74119.390625,16273.3798828125,1490.949951171875,22493.55078125,17927.619140625,2941.1795849488085,3376.405134277344,2008.0603395983744,1508.52,9191.465130402992,12487.71642578125,73757.1012043646,54618.37234375,15171.280218897416,13298.206064453125,1413.2921010555217,1166.5964086914062,22226.59847352992,16353.5399609375,17010.429319032355,15965.71720703125
2024-03-08,3046.01904296875,2265.0,9369.0498046875,74119.390625,16085.1103515625,1487.469970703125,22493.55078125,17889.619140625,2940.50148199604,3321.280910644531,2008.674996235197,1498.37,9184.660437370136,12405.623447265623,73788.33984090805,54885.9644921875,15174.513386129796,13114.402373046874,1413.6549242285232,1164.8792883300782,22236.783760302227,16369.656806640623,17013.673987189828,15858.856279296877
2024-03-11,3068.455078125,2200.0,9581.5302734375,73502.640625,16019.26953125,1479.0799560546875,22332.650390625,17863.689453125,2939.823379043272,3260.382998046875,2009.28965287202,1502.25,9177.85574433728,12202.219619140626,73819.57847745152,55126.6546484375,15177.746553362173,12849.30642578125,1414.0177474015247,1196.1873974609375,22246.96904707454,16466.61220703125,17016.918655347297,15842.578193359375
2024-03-12,3055.93505859375,2201.0,9630.5498046875,73667.9609375,16265.6396484375,1491.5400390625,22335.69921875,17974.060546875,2939.145276090504,3234.1186987304686,2009.904309508842,1505.1,9171.051051304425,12052.21662109375,73850.81711399498,55633.4136328125,15180.97972059455,12880.16017578125,1414.3805705745262,1203.68990234375,22257.15433384685,16619.892451171876,17020.16332350477,15878.610458984374
2024-03-13,3043.8349609375,2199.0,9604.990234375,72761.890625,16177.76953125,1495.6600341796875,21997.69921875,18018.630859375,2938.467173137736,3212.9251928710937,2010.5189661456643,1511.94,9164.246358271566,12087.472939453124,73882.05575053845,56121.681015625,15184.21288782693,13131.05814453125,1414.743393747528,1214.353310546875,22267.339620619165,16769.377958984376,17023.407991662243,16032.496298828126
2024-03-14,3038.23388671875,2210.0,9555.419921875,73097.28125,16128.5302734375,1494.2900390625,22146.650390625,17886.26953125,2937.7890701849674,3181.3499975585937,2011.1336227824872,1522.1,9157.44166523871,12105.183642578126,73913.2943870819,56335.190859375,15187.446055059308,13154.104892578123,1415.1062169205295,1212.692608642578,22277.524907391475,16820.92345703125,17026.652659819712,16071.671181640624
2024-03-15,3054.635986328125,2208.0,9612.75,72643.4296875,15973.169921875,1492.530029296875,22023.349609375,17848.080078125,2937.110967232199,3151.719091796875,2011.7482794193097,1532.66,9150.636972205852,12090.610283203125,73944.53302362536,56596.515625,15190.679222291688,13214.706982421874,1415.469040093531,1217.7802099609376,22287.71019416379,16863.67748046875,17029.897327977185,16059.705263671874
2024-03-18,3084.926025390625,2238.0,9752.830078125,72748.421875,16103.4501953125,1494.489990234375,22055.69921875,17882.310546875,2936.4328642794308,3223.6984008789063,2012.362936056132,1560.27,9143.832279172995,12100.28142578125,73975.77166016883,57323.7044921875,15193.912389524066,13615.746884765626,1415.8318632665328,1258.9119958496094,22297.895480936106,17133.55751953125,17033.14199613466,16441.44736328125
2024-03-19,3062.756103515625,2281.0,9696.6904296875,72012.046875,16166.7900390625,1503.4200439453125,21817.44921875,17975.7890625,2935.7547613266624,3231.966721191406,2012.9775926929549,1567.0,9137.02758614014,12214.4915234375,74007.0102967123,57501.2595703125,15197.145556756444,13715.687119140624,1416.1946864395345,1259.8026892089845,22308.08076770841,17212.54763671875,17036.386664292128,16556.11705078125
2024-03-20,3079.68603515625,2281.0,9717.3701171875,72101.6875,16369.41015625,1501.7099609375,21839.099609375,18130.080078125,2935.0766583738946,3255.155126953125,2013.592249329777,1578.79,9130.222893107284,12335.66455078125,74038.24893325576,57625.4283203125,15200.378723988822,13775.390634765625,1416.5575096125358,1266.8656982421876,22318.26605448073,17234.10771484375,17039.6313324496,16609.3394140625
2024-03-21,3077.113037109375,2320.0,9682.509765625,72641.1875,16401.83984375,1516.3499755859375,22011.94921875,18214.119140625,2934.3985554211263,3252.258430175781,2014.2069059666,1587.06,9123.41820007443,12320.506591796877,74069.48756979921,57624.094921875,15203.6118912212,13846.08779296875,1416.9203327855375,1269.017607421875,22328.45134125304,17241.482763671876,17042.876000607073,16587.815458984376
2024-03-22,3048.033935546875,2336.0,9565.5595703125,72831.9375,16428.8203125,1515.0999755859375,22096.75,18112.0390625,2933.720452468358,3244.0052294921875,2014.821562603422,1602.0,9116.613507041571,12310.566953125,74100.72620634268,57642.654453125,15206.84505845358,13902.421923828126,1417.283155958539,1264.8197045898437,22338.63662802535,17248.60970703125,17046.120668764543,16595.157705078123
2024-03-25,3026.305908203125,2304.0,9422.6103515625,72831.9375,16384.470703125,1518.72998046875,22096.75,18077.150390625,2933.0423495155896,3225.1596069335938,2015.4362192402448,1616.51,9109.808814008717,12130.805810546875,74131.96484288614,57404.903671875,15210.078225685958,13964.68572265625,1417.6459791315406,1260.5181726074218,22348.82191479766,17175.36296875,17049.365336922016,16561.12279296875
2024-03-26,3031.48095703125,2309.0,9449.4296875,72470.296875,16315.7001953125,1523.2900390625,22004.69921875,18059.189453125,2932.364246562822,3212.6692944335937,2016.050875877067,1618.78,9103.00412097586,12009.25544921875,74163.2034794296,57632.6787890625,15213.311392918336,13880.727373046877,1418.0088023045423,1259.1733764648438,22359.007201569973,17233.294208984375,17052.610005079485,16524.96314453125
2024-03-27,2993.138916015625,2324.0,9222.4697265625,72996.3125,16399.51953125,1524.8800048828125,22123.650390625,18255.240234375,2931.686143610053,3231.176630859375,2016.6655325138893,1625.09,9096.199427943004,12089.67822265625,74194.44211597307,57558.8871875,15216.544560150716,13853.57306640625,1418.3716254775438,1258.3902868652344,22369.192488342283,17207.705693359374,17055.854673236958,16509.752099609374
2024-03-28,3010.6640625,2302.0,9342.919921875,73651.3515625,16379.4599609375,1526.3399658203125,22326.900390625,18312.669921875,2931.008040657285,3225.9255883789065,2017.280189150712,1630.82,9089.394734910147,12090.295087890623,74225.68075251652,57577.27671875,15219.777727383094,14079.52341796875,1418.7344486505451,1260.3645861816406,22379.3777751146,17225.489677734375,17059.09934139443,16647.26619140625
2024-03-29,3041.1669921875,2315.0,9400.849609375,73651.3515625,16379.4599609375,1526.3399658203125,22326.900390625,18312.669921875,2930.329937704517,3219.207673339844,2017.8948457875345,1635.96,9082.59004187729,12087.976044921876,74256.91938905999,57654.644140625,15223.010894615472,14092.675166015624,1419.097271823547,1271.9761071777343,22389.563061886907,17257.44228515625,17062.3440095519,16572.08380859375
2024-04-01,3077.37890625,2285.0,9647.0703125,74014.546875,16396.830078125,1526.3399658203125,22462.0,18216.189453125,2929.6518347517485,3288.3745751953124,2018.509502424357,1618.07,9075.785348844434,12235.099208984377,74288.15802560345,59580.9263671875,15226.24406184785,14227.3983984375,1419.4600949965486,1274.3046240234376,22399.74834865922,17828.2151171875,17065.588677709373,16651.0928125
2024-04-02,3074.958984375,2277.0,9586.9501953125,73903.90625,16240.4501953125,1521.0,22453.30078125,18107.529296875,2928.9737317989807,3287.465776367188,2019.1241590611796,1617.11,9068.980655811578,12215.759716796874,74319.39666214692,59876.6885546875,15229.47722908023,14138.699619140623,1419.82291816955,1271.6804150390626,22409.93363543153,17885.36064453125,17068.833345866846,16695.85013671875
2024-04-03,3069.2958984375,2269.0,9544.76953125,73876.8203125,16277.4599609375,1531.4599609375,22434.650390625,18146.640625,2928.2956288462124,3282.9002709960937,2019.7388156980016,1615.36,9062.17596277872,12206.607861328124,74350.63529869038,59631.9796875,15232.710396312608,14114.259873046874,1420.185741342552,1274.5334155273438,22420.118922203845,17825.02259765625,17072.078014024315,16751.8094921875
2024-04-04,3069.2958984375,2292.0,9544.76953125,74227.6328125,16049.080078125,1529.9000244140625,22514.650390625,17982.490234375,2927.617525893444,3277.38826171875,2020.3534723348243,1609.81,9055.371269745863,12156.449345703126,74381.87393523383,59238.043984375,15235.943563544986,14041.65720703125,1420.5485645155534,1271.8322143554688,22430.304208976155,17747.76021484375,17075.322682181788,16715.2248828125
2024-04-05,3069.2958984375,2268.0,9544.76953125,74248.21875,16248.51953125,1520.0999755859375,22513.69921875,18122.259765625,2926.939422940676,3275.17248046875,2020.9681289716468,1610.84,9048.56657671301,12148.806611328126,74413.1125717773,59335.4015234375,15239.176730777366,14032.94681640625,1420.911387688555,1270.017510986328,22440.48949574847,17768.99763671875,17078.56735033926,16664.125712890625
2024-04-08,3047.052978515625,2283.0,9394.6103515625,74742.5,16253.9599609375,1530.969970703125,22666.30078125,18154.369140625,2926.261319987908,3245.6126025390627,2021.5827856084693,1593.78,9041.761883680154,12026.216279296876,74444.35120832076,58461.71921875,15242.409898009744,13658.39427734375,1421.2742108615566,1240.2202770996091,22450.67478252078,17599.970517578124,17081.81201849673,16511.16537109375
2024-04-09,3048.537109375,2306.0,9448.98046875,74683.703125,16306.6396484375,1520.050048828125,22642.75,18171.19921875,2925.58321703514,3238.427255859375,2022.197442245292,1589.49,9034.957190647296,11857.22001953125,74475.58984486423,58427.66578125,15245.643065242122,13609.47802734375,1421.6370340345582,1241.7272802734376,22460.86006929309,17584.73130859375,17085.056686654203,16518.370908203124
2024-04-10,3027.3349609375,2293.0,9297.9599609375,75038.1484375,16170.3603515625,1524.449951171875,22753.80078125,17947.30078125,2924.9051140823717,3201.365732421875,2022.8120988821145,1581.81,9028.15249761444,11573.845146484377,74506.82848140769,58424.806640625,15248.876232474502,13483.60404296875,1421.9998572075597,1246.0005822753906,22471.04535606541,17592.2654296875,17088.301354811672,16519.419365234375
2024-04-11,3034.24609375,2301.0,9300.76953125,75038.1484375,16442.19921875,1518.0899658203125,22753.80078125,17915.19921875,2924.227011129603,3203.2321923828126,2023.426755518937,1575.76,9021.347804581585,11575.047490234376,74538.06711795116,58430.297109375,15252.10939970688,13419.191328125,1422.3626803805614,1247.9220935058593,22481.23064283772,17542.88552734375,17091.546022969145,16479.126123046874
2024-04-12,3019.47412109375,2307.0,9228.23046875,74244.8984375,16175.08984375,1521.4300537109375,22519.400390625,17639.0390625,2923.548908176834,3214.5404541015623,2024.0414121557596,1572.12,9014.543111548728,11650.851513671874,74569.3057544946,58308.808515625,15255.342566939258,13396.17693359375,1422.725503553563,1253.7166027832031,22491.41592961003,17502.36283203125,17094.79069112662,16471.855966796877
2024-04-15,3057.3779296875,2304.0,9369.7001953125,73399.78125,15885.01953125,1521.469970703125,22272.5,17506.9296875,2922.8708052240668,3188.489716796875,2024.656068792582,1567.32,9007.738418515872,11670.065048828124,74600.54439103807,57862.6740234375,15258.575734171636,13335.946923828124,1423.0883267265644,1246.1192114257813,22501.60121638234,17417.127421875,17098.035359284087,16415.716875
2024-04-16,3007.068115234375,2269.0,9155.0703125,72943.6796875,15865.25,1501.8699951171875,22147.900390625,17413.98046875,2922.1927022712985,3192.08943359375,2025.2707254294044,1567.14,9000.933725483015,11631.363486328126,74631.78302758154,57815.559375,15261.808901404016,13422.2071875,1423.4511498995662,1249.2318090820313,22511.786503154653,17383.53091796875,17101.28002744156,16464.86640625
2024-04-17,3071.381103515625,2250.0,9381.76953125,72943.6796875,15683.3701171875,1494.7099609375,22147.900390625,17403.439453125,2921.51459931853,3187.936088867188,2025.8853820662268,1578.09,8994.129032450159,11605.034794921876,74663.021664125,57431.7909375,15265.042068636394,13418.397294921877,1423.8139730725677,1257.6319091796877,22521.971789926964,17203.81990234375,17104.524695599033,16551.290078125
2024-04-18,3074.22509765625,2245.0,9376.8095703125,72488.9921875,15601.5,1500.800048828125,21995.849609375,17388.08984375,2920.836496365762,3199.329812011719,2026.5000387030493,1584.29,8987.324339417302,11609.0554296875,74694.26030066847,57571.4357421875,15268.275235868772,13415.252607421877,1424.1767962455692,1264.1196154785157,22532.15707669928,17246.5921875,17107.769363756503,16556.41662109375
2024-04-19,3065.260986328125,2277.0,9279.4599609375,73088.328125,15282.009765625,1495.8800048828125,22147.0,17458.76953125,2920.158393412994,3192.3457470703124,2027.114695339872,1583.72,8980.519646384446,11589.655234375,74725.49893721192,57352.883203125,15271.508403101152,13414.804560546874,1424.539619418571,1262.9428051757814,22542.342363471587,17216.0145703125,17111.014031913975,16538.17482421875
2024-04-22,3044.594970703125,2225.0,9239.1396484375,73648.6171875,15451.3095703125,1502.7099609375,22336.400390625,17602.189453125,2919.4802904602257,3077.4983032226564,2027.7293519766945,1581.98,8973.71495335159,11007.004326171877,74756.73757375538,56908.61375,15274.74157033353,13156.06234375,1424.9024425915725,1263.3541064453125,22552.5276502439,17088.50142578125,17114.258700071445,16323.95291015625
2024-04-23,3021.97802734375,2225.0,9183.1396484375,73738.453125,15696.6396484375,1518.6199951171875,22368.0,17792.759765625,2918.8021875074573,3055.2725,2028.3440086135167,1581.72,8966.910260318735,10907.460791015625,74787.97621029885,57022.749375,15277.974737565908,13136.3598828125,1425.2652657645742,1258.61361328125,22562.71293701621,17116.12515625,17117.503368228918,16284.52404296875
2024-04-24,3044.822021484375,2271.0,9251.1298828125,73852.9375,15712.75,1515.77001953125,22402.400390625,17758.080078125,2918.124084554689,3006.098898925781,2028.9586652503392,1579.17,8960.105567285878,10700.163369140624,74819.21484684231,56988.02578125,15281.207904798286,13120.650341796874,1425.6280889375755,1247.380821533203,22572.898223788525,17104.711201171875,17120.74803638639,16246.46623046875
2024-04-25,3052.89990234375,2236.0,9264.48046875,74339.4375,15611.759765625,1504.9300537109375,22570.349609375,17731.560546875,2917.4459816019207,2984.2151953125,2029.5733218871617,1581.7,8953.300874253022,10634.83810546875,74850.45348338578,57345.3075,15284.441072030666,13135.163408203123,1425.9909121105773,1242.7576098632812,22583.083510560835,17194.80625,17123.99270454386,16181.377021484375
2024-04-26,3088.635986328125,2253.0,9463.91015625,73730.15625,15927.900390625,1519.4300537109375,22419.94921875,17763.26953125,2916.767878649153,2993.4834521484377,2030.187978523984,1579.76,8946.496181220165,10678.287216796874,74881.69211992924,57212.59671875,15287.674239263044,12788.76517578125,1426.353735283579,1239.3169152832031,22593.26879733315,17160.034921875,17127.237372701333,15960.5812109375
2024-04-29,3113.04296875,2253.0,9673.759765625,74671.28125,15983.080078125,1518.5899658203125,22643.400390625,17831.0703125,2916.0897756963845,2960.7244970703123,2030.8026351608069,1590.3,8939.691488187309,10585.945625,74912.93075647269,57028.1731640625,15290.907406495422,13026.477265625,1426.7165584565803,1247.0971154785157,22603.45408410546,17066.949140625,17130.482040858806,16254.66611328125
2024-04-30,3104.824951171875,2300.0,9587.1201171875,74482.78125,15657.8203125,1503.6099853515625,22604.849609375,17603.33984375,2915.411672743616,2967.181887207031,2031.417291797629,1597.09,8932.886795154453,10592.74314453125,74944.16939301616,57455.4728125,15294.140573727802,13192.956787109377,1427.079381629582,1251.1315270996097,22613.63937087777,17148.7174609375,17133.726709016275,16437.79419921875
2024-05-01,3104.824951171875,2296.0,9587.1201171875,74482.78125,15605.48046875,1503.6099853515625,22604.849609375,17576.390625,2914.733569790848,3082.7861376953124,2032.031948434452,1585.19,8926.082102121596,11150.7619921875,74975.40802955962,55885.5331640625,15297.37374096018,12472.825029296877,1427.4422048025838,1226.6137841796874,22623.82465765009,16715.75130859375,17136.971377173748,15756.28009765625
2024-05-02,3104.824951171875,2298.0,9587.1201171875,74611.109375,15840.9599609375,1496.989990234375,22648.19921875,17699.05078125,2914.05546683808,3070.446032714844,2032.6466050712745,1584.82,8919.27740908874,11073.548515625,75006.64666610309,56040.035546875,15300.606908192558,12478.229736328123,1427.8050279755853,1223.5072973632812,22634.0099444224,16745.19244140625,17140.21604533122,15712.126650390624
2024-05-03,3104.824951171875,2298.0,9587.1201171875,73878.1484375,16156.330078125,1504.8599853515625,22475.849609375,17797.890625,2913.377363885312,3041.1909448242186,2033.2612617080968,1587.44,8912.472716055883,11002.364853515624,75037.88530264655,55986.7301171875,15303.840075424936,12403.411953125,1428.1678511485868,1224.7076843261718,22644.19523119471,16731.07263671875,17143.46071348869,15688.344794921875
2024-05-06,3140.719970703125,2298.0,9779.2099609375,73895.5390625,16349.25,1515.9300537109375,22442.69921875,17963.83984375,2912.6992609325434,3031.8637939453124,2033.8759183449192,1586.52,8905.668023023027,10909.185849609376,75069.12393919,55340.87,15307.073242657316,12213.95568359375,1428.5306743215883,1194.9167712402343,22654.38051796702,16482.936611328125,17146.705381646163,15678.372587890624
2024-05-07,3147.738037109375,2313.0,9770.9404296875,73511.8515625,16332.5595703125,1528.469970703125,22302.5,17994.26953125,2912.021157979775,3034.5758227539063,2034.4905749817417,1581.97,8898.86332999017,10909.241025390626,75100.36257573347,55021.2350390625,15310.306409889694,12216.610419921875,1428.89349749459,1193.5287744140626,22664.565804739334,16411.8158984375,17149.950049803636,15661.055751953125
2024-05-08,3128.47998046875,2278.0,9638.8203125,73466.390625,16302.759765625,1534.3800048828125,22302.5,17996.029296875,2911.343055027007,3042.026984863281,2035.105231618564,1582.07,8892.058636957314,10900.66431640625,75131.60121227693,54712.4988671875,15313.539577122072,12010.886142578123,1429.2563206675916,1191.9518701171876,22674.751091511644,16329.537294921874,17153.194717961105,15312.374248046875
2024-05-09,3154.320068359375,2290.0,9788.0703125,72404.171875,16346.259765625,1541.3399658203125,21957.5,18127.2109375,2910.664952074239,3039.6358837890625,2035.7198882553864,1574.59,8885.253943924457,10888.9182421875,75162.8398488204,54826.346796875,15316.772744354452,11690.55076171875,1429.619143840593,1185.5437707519532,22684.93637828396,16345.493232421875,17156.439386118578,15062.558076171876
2024-05-10,3154.547119140625,2293.0,9731.240234375,72664.46875,16340.8701171875,1552.6300048828125,22055.19921875,18162.05078125,2909.98684912147,3028.8620361328126,2036.334544892209,1560.04,8878.449250891601,10894.815087890624,75194.07848536386,54290.4265234375,15320.00591158683,11643.52609375,1429.9819670135948,1186.9628674316407,22695.121665056267,16213.792861328126,17159.684054276047,15024.0367578125
2024-05-13,3148.02099609375,2294.0,9673.3203125,72776.1328125,16388.240234375,1551.25,22104.05078125,18133.94921875,2909.3087461687023,3066.0684008789062,2036.949201529032,1569.27,8871.644557858745,11114.219560546877,75225.31712190731,53139.8390234375,15323.239078819208,11662.5594921875,1430.3447901865964,1200.9687060546876,22705.30695182858,15911.490439453126,17162.92872243352,15202.5805859375
2024-05-14,3145.77392578125,2299.0,9668.73046875,73104.609375,16511.1796875,1551.56005859375,22217.849609375,18220.810546875,2908.630643215934,3071.341696777344,2037.563858165854,1563.5,8864.839864825888,11118.2368359375,75256.55575845078,53288.40109375,15326.472246051586,11668.6280078125,1430.707613359598,1205.1698132324218,22715.49223860089,15921.0219140625,17166.173390590993,15302.941162109377
2024-05-15,3119.902099609375,2302.0,9583.5400390625,72987.03125,16742.390625,1557.6400146484375,22200.55078125,18378.490234375,2907.9525402631657,3081.824387207031,2038.1785148026763,1558.47,8858.035171793032,11130.5728515625,75287.79439499424,53359.9553125,15329.705413283966,11581.862333984374,1431.0704365325996,1212.1698291015623,22725.677525373205,15949.78892578125,17169.418058748462,15175.540263671875
2024-05-16,3122.40087890625,2316.0,9604.1298828125,73663.71875,16698.3203125,1554.530029296875,22403.849609375,18317.380859375,2907.274437310398,3086.030383300781,2038.793171439499,1558.35,8851.230478760177,11149.449658203124,75319.0330315377,53026.7363671875,15332.938580516344,11564.237216796875,1431.4332597056011,1210.5805224609376,22735.862812145515,15883.912578125,17172.662726905935,15150.5033984375
2024-05-17,3154.02587890625,2318.0,9709.419921875,73917.03125,16685.970703125,1552.8299560546875,22466.099609375,18388.259765625,2906.596334357629,3095.959001464844,2039.4078280763213,1553.51,8844.42578572732,11243.428037109376,75350.27166808117,53316.6033984375,15336.171747748722,11653.048388671876,1431.7960828786029,1210.0365173339844,22746.04809891783,16025.00818359375,17175.90739506341,15120.556328125
2024-05-20,3171.14501953125,2337.0,9750.8203125,73917.03125,16794.869140625,1554.1199951171875,22466.099609375,18335.619140625,2905.918231404861,3124.620446777344,2040.022484713144,1554.84,8837.621092694464,11365.4829296875,75381.51030462462,54020.608046875,15339.404914981102,11545.04857421875,1432.1589060516044,1209.302432861328,22756.23338569014,16156.169560546876,17179.152063220878,15333.005498046876
2024-05-21,3157.966064453125,2334.0,9681.66015625,73953.3125,16832.619140625,1547.760009765625,22529.05078125,18337.91015625,2905.240128452093,3107.2750048828125,2040.6371413499664,1573.65,8830.816399661608,11276.226572265625,75412.74894116809,54109.1941796875,15342.63808221348,11424.509384765624,1432.521729224606,1204.676505126953,22766.41867246245,16168.588154296876,17182.39673137835,15271.064951171877
2024-05-22,3158.5400390625,2315.0,9693.0498046875,74221.0625,16801.5390625,1543.25,22597.80078125,18236.640625,2904.562025499325,3114.789812011719,2041.2517979867887,1577.34,8824.011706628751,11247.309716796875,75443.98757771155,54124.7621484375,15345.871249445858,11397.5689453125,1432.8845523976076,1202.9078051757813,22776.60395923476,16145.873125,17185.641399535823,15187.8453125
2024-05-23,3116.386962890625,2331.0,9541.6396484375,75418.0390625,16736.029296875,1547.97998046875,22967.650390625,18028.470703125,2903.8839225465567,3115.911618652344,2041.866454623612,1571.0,8817.207013595895,11237.89423828125,75475.22621425502,54029.7643359375,15349.104416678236,11415.93693359375,1433.2473755706092,1198.6369995117188,22786.78924600708,16126.14828125,17188.886067693293,15228.35083984375
2024-05-24,3088.87109375,2316.0,9424.580078125,75410.390625,16920.7890625,1547.4599609375,22957.099609375,18110.599609375,2903.2058195937884,3108.278291015625,2042.481111260434,1570.04,8810.402320563038,11182.2990625,75506.46485079848,54088.4283984375,15352.337583910616,11484.142529296874,1433.610198743611,1199.999091796875,22796.974532779383,16194.13330078125,17192.130735850766,15241.129384765623
2024-05-27,3124.04296875,2338.0,9507.75,75390.5,16920.7890625,1553.8800048828125,22932.44921875,18110.599609375,2902.52771664102,3106.041923828125,2043.0957678972568,1574.04,8803.597627530182,11183.954140625,75537.70348734195,54642.83796875,15355.570751142994,11899.929599609375,1433.9730219166124,1235.511688232422,22807.1598195517,16226.91873046875,17195.375404008235,15801.561767578123
2024-05-28,3109.572021484375,2341.0,9391.0498046875,75170.453125,17019.880859375,1545.5,22888.150390625,18007.009765625,2901.849613688252,3104.2737109375,2043.710424534079,1583.08,8796.792934497325,11135.34103515625,75568.9421238854,54707.986640625,15358.803918375372,11883.894345703126,1434.335845089614,1233.8958020019531,22817.34510632401,16265.353271484377,17198.620072165708,15845.37927734375
2024-05-29,3111.01806640625,2320.0,9414.98046875,74502.8984375,16920.580078125,1527.510009765625,22704.69921875,17794.890625,2901.171510735484,3120.479025878906,2044.3250811709013,1582.79,8789.988241464469,11201.24234375,75600.18076042886,55243.1903125,15362.03708560775,11944.0690234375,1434.6986682626157,1239.0339013671876,22827.530393096324,16488.069873046876,17201.86474032318,15859.76658203125
2024-05-30,3091.677978515625,2297.0,9384.7197265625,73885.6015625,16737.080078125,1530.3199462890625,22488.650390625,17852.359375,2900.493407782716,3140.808928222656,2044.939737807724,1587.17,8783.183548431613,11265.602412109374,75631.41939697233,55101.30609375,15365.27025284013,12045.836748046877,1435.0614914356172,1239.3604992675782,22837.715679868637,16461.35140625,17205.10940848065,15869.364169921875
2024-05-31,3086.81298828125,2350.0,9364.3798828125,73961.3125,16735.01953125,1530.6600341796875,22530.69921875,18083.689453125,2899.8153048299478,3155.604382324219,2045.5543944445465,1588.34,8776.378855398756,11346.678369140624,75662.65803351579,55437.848671875,15368.503420072508,12082.275283203126,1435.4243146086187,1241.4374060058594,22847.900966640947,16538.896923828124,17208.354076638123,15835.85966796875
2024-06-03,3078.489013671875,2368.0,9370.5,76468.78125,16828.669921875,1535.050048828125,23263.900390625,18006.9609375,2899.137201877179,3213.2894580078123,2046.169051081369,1610.52,8769.5741623659,11709.87431640625,75693.89667005926,56449.4844921875,15371.736587304886,12143.207958984374,1435.7871377816205,1232.503583984375,22858.086253413258,16864.16388671875,17211.598744795596,15829.101201171876
2024-06-04,3091.198974609375,2359.0,9469.3203125,72079.046875,16857.05078125,1519.030029296875,21884.5,17934.490234375,2898.459098924411,3282.705368652344,2046.7837077181916,1610.74,8762.769469333043,11960.260927734374,75725.13530660271,56096.8250390625,15374.969754537266,12215.899375,1436.149960954622,1220.7068908691406,22868.27154018557,16788.6224609375,17214.843412953065,15839.18509765625
2024-06-05,3065.403076171875,2326.0,9393.6103515625,74382.2421875,17187.900390625,1538.3299560546875,22620.349609375,18045.5,2897.780995971643,3300.4273095703124,2047.3983643550137,1615.24,8755.964776300187,12146.015771484375,75756.37394314617,55462.83140625,15378.202921769644,12143.407353515626,1436.5127841276235,1217.22970703125,22878.45682695788,16574.912119140627,17218.088081110538,15799.96177734375
2024-06-06,3048.7939453125,2333.0,9340.009765625,75074.5078125,17173.119140625,1546.530029296875,22821.400390625,18066.5703125,2897.1028930188745,3278.350234375,2048.0130209918366,1613.63,8749.160083267332,12075.980751953124,75787.61257968964,55211.6928515625,15381.436089002022,12037.053369140624,1436.8756073006252,1225.1277990722656,22888.642113730195,16474.79611328125,17221.33274926801,15757.498935546875
2024-06-07,3051.279052734375,2325.0,9255.6796875,76693.359375,17133.130859375,1540.6099853515625,23290.150390625,17985.630859375,2896.424790066106,3286.1011059570315,2048.627677628659,1607.64,8742.355390234476,12079.770751953123,75818.8512162331,54962.9416796875,15384.6692562344,12001.28021484375,1437.2384304736267,1224.1264038085938,22898.827400502505,16426.955869140624,17224.57741742548,15681.95189453125
2024-06-10,3051.279052734375,2351.0,9255.6796875,76490.078125,17192.529296875,1531.7900390625,23259.19921875,18037.529296875,2895.746687113338,3263.7130322265625,2049.242334265481,1599.61,8735.55069720162,12013.828408203124,75850.08985277657,54526.8465234375,15387.90242346678,11525.70060546875,1437.6012536466285,1201.662412109375,22909.01268727482,16272.2253515625,17227.822085582953,15237.826455078124
2024-06-11,3028.044921875,2350.0,9262.349609375,76456.59375,17343.55078125,1514.2900390625,23264.849609375,17919.109375,2895.06858416057,3277.316010742188,2049.856990902304,1581.56,8728.746004168763,12020.24779296875,75881.32848932003,54063.6560546875,15391.135590699158,11279.362978515624,1437.96407681963,1180.8562036132812,22919.19797404713,16177.72380859375,17231.066753740426,14818.984521484375
2024-06-12,3037.468017578125,2334.0,9269.9404296875,76606.5703125,17608.439453125,1532.780029296875,23322.94921875,18005.94921875,2894.3904812078017,3277.2710815429687,2050.4716475391265,1555.66,8721.941311135906,12034.6008203125,75912.56712586348,52946.8436328125,15394.368757931536,11096.38947265625,1438.3268999926315,1161.0517993164062,22929.383260819443,15811.140576171874,17234.311421897895,14528.822861328124
2024-06-13,3028.9189453125,2321.0,9206.240234375,76810.8984375,17667.560546875,1504.47998046875,23398.900390625,17923.41015625,2893.7123782550334,3277.2515771484377,2051.086304175949,1566.88,8715.13661810305,12032.809296875,75943.80576240695,52480.3343359375,15397.601925163915,10925.3681640625,1438.689723165633,1153.0160888671876,22939.568547591756,15672.432109375,17237.55609005537,14374.952568359377
2024-06-14,3032.633056640625,2332.0,9252.25,76992.7734375,17688.880859375,1475.6600341796875,23465.599609375,17817.259765625,2893.034275302265,3284.788796386719,2051.7009608127714,1559.75,8708.331925070193,12075.096279296877,75975.04439895041,52369.08359375,15400.835092396292,10980.881220703124,1439.0525463386348,1150.0519860839845,22949.753834364063,15616.21107421875,17240.800758212838,14378.99080078125
2024-06-17,3015.89111328125,2289.0,9281.25,76992.7734375,17857.01953125,1485.8599853515625,23465.599609375,17902.25,2892.356172349497,3299.645173339844,2052.315617449594,1547.18,8701.527232037337,12328.12859375,76006.28303549388,52099.8647265625,15404.068259628672,10880.515927734376,1439.4153695116363,1145.4896716308594,22959.939121136376,15518.452578125,17244.04542637031,14344.560947265623
2024-06-18,3030.24609375,2306.0,9318.4697265625,77301.140625,17862.23046875,1500.52001953125,23557.900390625,17967.849609375,2891.678069396729,3304.59185546875,2052.9302740864164,1555.71,8694.72253900448,12365.06373046875,76037.52167203734,51989.6227734375,15407.30142686105,10919.884462890624,1439.7781926846378,1143.3343933105468,22970.12440790869,15507.815009765623,17247.290094527783,14325.182109375
2024-06-19,3018.049072265625,2311.0,9219.0703125,77337.59375,17862.23046875,1492.4200439453125,23516.0,17967.849609375,2890.9999664439606,3302.084948730469,2053.544930723239,1553.99,8687.917845971624,12355.804716796874,76068.7603085808,51842.1467578125,15410.53459409343,10956.6383984375,1440.1410158576396,1140.427696533203,22980.309694681,15461.5634765625,17250.534762685253,14339.445146484377
2024-06-20,3005.43701171875,2315.0,9068.849609375,77478.9296875,17721.58984375,1511.68994140625,23567.0,18015.94921875,2890.3218634911923,3301.437958984375,2054.1595873600613,1553.21,8681.113152938768,12363.062197265624,76099.99894512426,51776.338671875,15413.767761325807,10910.249140625,1440.503839030641,1135.15228515625,22990.494981453317,15434.94998046875,17253.779430842726,14238.1518359375
2024-06-21,2998.137939453125,2315.0,9064.83984375,77209.8984375,17689.359375,1498.030029296875,23501.099609375,17995.689453125,2889.643760538424,3306.988684082032,2054.774243996884,1560.28,8674.308459905911,12376.83744140625,76131.23758166772,52101.4798046875,15417.000928558184,11151.9397265625,1440.8666622036426,1139.8295935058593,23000.680268225624,15507.017490234375,17257.0240990002,14418.939521484375
2024-06-24,2963.09912109375,2326.0,8924.169921875,77341.078125,17496.8203125,1508.989990234375,23537.849609375,18126.689453125,2888.965657585656,3327.864050292969,2055.3889006337063,1553.66,8667.503766873055,12613.561455078125,76162.47621821119,52728.475546875,15420.234095790564,11341.740537109376,1441.2294853766443,1152.6045068359374,23010.865554997938,15661.203984375,17260.268767157668,14634.8276171875
